scenario_id,scenario_name,scenario_category,resolution,frames,fps_steady_state,latency_mean_ms,latency_p95_ms,gpu_util_pct,vram_peak_mb,cpu_util_pct,detection_failures,missed_faces,identity_similarity,landmark_instability,color_mismatch_delta_e,occlusion_failures,profile_failures
1,Frontal Face,frontal_face,1280x720,30,11.62,190.92,190.19,33.14,5027.02,14.69,0,0,0.9854,0.0118,1.5278,0,0
2,45-Degree Face,45deg_face,1280x720,30,11.62,97.27,175.56,32.75,6259.02,3.05,0,0,0.9069,0.0117,2.6564,0,0
3,Extreme Profile,extreme_profile,1280x720,30,4.36,216.86,311.62,34.97,7742.39,3.02,25,25,0.467,0.0692,2.8647,0,25
4,Small Face,small_face,1280x720,30,11.36,98.81,174.93,37.39,9092.64,3.06,0,0,0.767,0.0652,1.0861,0,0
5,Multiple People,multiple_people,1920x1080,30,3.44,305.81,332.8,33.57,10558.21,3.05,0,0,0.9864,0.0004,1.8174,0,0
6,Face Entering/Leaving Frame,face_enter_exit,1280x720,30,7.48,151.34,260.86,35.27,11936.83,3.07,0,0,0.9817,1.1823,1.6118,0,0
7,Partial Occlusion,partial_occlusion,1280x720,30,2.89,350.89,435.6,68.26,12110.5,4.01,0,0,0.8027,0.0001,3.6568,0,0
8,Hands/Object Crossing Face,hands_crossing_face,1280x720,30,1.21,832.85,926.71,87.69,12115.07,4.72,2,2,0.9007,0.0288,1.8064,0,0
9,Dark Scene,dark_scene,1280x720,30,0.8,1184.54,1593.43,92.03,12119.82,5.07,0,0,0.9082,0.0006,1.0782,0,0
10,High-Motion Scene,high_motion,1280x720,30,0.67,1497.2,1657.32,94.79,12111.18,5.22,0,0,0.9671,0.8553,1.3455,0,0
11,Multiple Faces Interacting,faces_interacting,1280x720,30,0.33,3055.87,3830.76,93.32,12109.85,5.35,0,4,0.4238,0.4523,2.9709,0,0
12,1080p Resolution,resolution_1080p,1920x1080,30,0.5,2003.88,2186.79,93.89,12110.96,5.2,0,0,0.9867,0.0003,1.7043,0,0
13,4K Resolution,resolution_4k,3840x2160,30,0.64,1662.44,2972.94,78.81,12136.06,4.44,0,0,0.9868,0.0003,2.0144,0,0
